ID,name,link
0,Full Control Bodyweight App - Quick Feet Squat - DE,https://www.youtube.com/embed/65TlF7WyVZw?si=Xaj7yDSPj_26PGnI
1,Full Control Bodyweight App - Boxing Slip & Roll - EN,https://www.youtube.com/embed/uMGqSvFw3Bk?si=Bi4yr-gPbav3X5lA
2,Full Control Bodyweight App - Thai Knees - EN,https://www.youtube.com/embed/TH-9FSDkRUs?si=KtcMjq-Ds2h0SJoM
3,Full Control Bodyweight App - Skipping - EN,https://www.youtube.com/embed/incA7qVSxkU?si=qqrNB5S_0AaQ2PUI
4,Full Control Bodyweight App - Pike Push-ups - EN,https://www.youtube.com/embed/fCvrA65SMAs?si=Eco4USGOjHVNB5dR
5,Full Control Bodyweight App - Leg Raises - EN,https://www.youtube.com/embed/UNlsNoe_8Og?si=ProJsmjz9pXY4y-g
6,Full Control Bodyweight App - T Planks - EN,https://www.youtube.com/embed/1lYPRcZHD8I?si=9CI2f-VAHzZGUHFJ
7,Full Control Bodyweight App - Plank Jacks - EN,https://www.youtube.com/embed/7qq1Lb9Q900?si=EoNjfK6rtR16zdiF
8,Full Control Bodyweight App - Sit-ups - EN,https://www.youtube.com/embed/QmhNeG-4iC4?si=m6HeSVD0zw0fVPA9
9,Full Control Bodyweight App - One Handed Sprawls - EN,https://www.youtube.com/embed/BLh71Y8topk?si=9Y-EmBl2PxqElFty
10,Full Control Bodyweight App - MMA Push-ups - EN,https://www.youtube.com/embed/7gdkQ6vHtKQ?si=IyF9Ur09_oITcwUZ
11,Full Control Bodyweight App - Windshield Wipers - EN,https://www.youtube.com/embed/XXcRdXIw0go?si=g6tOwSqM9qLgeYMR
12,Full Control Bodyweight App - Tuck Jump Burpees - EN,https://www.youtube.com/embed/whI1-Q8Z4Do?si=H7m6ZSuc94MgD69h
13,Full Control Bodyweight App - Spiderman Push-ups - EN,https://www.youtube.com/embed/7TOkT1tVcYg?si=PZ-0DML5QKEtRhif
14,Full Control Bodyweight App - Shuttle Push-ups - EN,https://www.youtube.com/embed/BElpg-IvCz8?si=13aEygMiKjYjZ7ze
15,Full Control Bodyweight App - Walking Kicks - EN,https://www.youtube.com/embed/-YM1Bh6fy4Q?si=RzZBa2ydidmNXOJB
16,Full Control Bodyweight App - Thai Knee Sprawls - EN,https://www.youtube.com/embed/yiUnwLeypLA?si=-Vffs8Wuzaft_zjf
17,Full Control Bodyweight App - Jump Lunges - EN,https://www.youtube.com/embed/D3n04Zjebsg?si=SIa3HoH8Ezd65i1j
18,Full Control Bodyweight App - Catch Hook Sprawls - EN,https://www.youtube.com/embed/1-Nsvl4-7LQ?si=JwjJpoNf96-Q6dUv
19,Full Control Bodyweight App - Mountain Climbers Pylo Spider - EN,https://www.youtube.com/embed/7Y7N-b1m49g?si=QNUNzSVyEi47pN7W
20,Full Control Bodyweight App - Russian Sit-ups - EN,https://www.youtube.com/embed/FIBku-9n1QY?si=okuG4_uAk2IGwRHT
21,Full Control Bodyweight App - Frog Burpees - EN,https://www.youtube.com/embed/CtX01DHlN-I?si=5WGGUitU0hrP2Y3j
22,Full Control Bodyweight App - Spiderman Push-ups - EN,https://www.youtube.com/embed/HvWlsgwLSVA?si=FVUybn7JsExrS2_S
23,Full Control Bodyweight App - Front Kicks - EN,https://www.youtube.com/embed/jtZO71wMXlI?si=CjmzgxgQ_ZuKWouC
24,Full Control Bodyweight App - Inchworm Push-ups - EN,https://www.youtube.com/embed/j8S4MGbv2Kc?si=C8T6vRdBSLX24_HW
25,Full Control Bodyweight App - Quick High Knees - EN,https://www.youtube.com/embed/ORuABp7PKfg?si=OkSGpWQAiUzt6QNa
26,Full Control Bodyweight App - Boxing Slip & Roll - DE,https://www.youtube.com/embed/q4ni74SVkpM?si=P3r0TBr2qPeJaAyA
27,Full Control Bodyweight App - Inchworm - DE,https://www.youtube.com/embed/p4jN9iMe99c?si=drPMi_zkB9OV_sEH
28,Full Control Bodyweight App - Jab Cross - DE,https://www.youtube.com/embed/wq9QYr78A1M?si=avJX1SyYzqbEpj4C
29,Full Control Bodyweight App - Boxing Catch Hooks - DE,https://www.youtube.com/embed/fk46cdGSdtE?si=4wxN34-bK722CHQb
30,Full Control Bodyweight App - Sprawls - DE,https://www.youtube.com/embed/TbJ4wlkSJBU?si=Wsfm0PR8Rj1bn5b6
31,Full Control Bodyweight App - Tuck Jumps - DE,https://www.youtube.com/embed/YZRz6rADwUs?si=NW8KezuTXJAqA6s3
32,Full Control Bodyweight App - High Plank - DE,https://www.youtube.com/embed/F3ryixocmEM?si=W-me6sgQTfNMucmO
33,Full Control Bodyweight App - Low Plank - DE,https://www.youtube.com/embed/KYV69f_TbSU?si=3b44eERC_YM0Mu_J
34,Full Control Bodyweight App - Burpees - DE,https://www.youtube.com/embed/4NjHkspPTNI?si=7DEOOWx9o9qA38vU
35,Full Control Bodyweight App - Thai Knees - DE,https://www.youtube.com/embed/7tcFiwlDVZM?si=cRAqQVDgshDSvEnY
36,Full Control Bodyweight App - T Planks - DE,https://www.youtube.com/embed/7Hp8n8daYSw?si=lg7boQzzaHHtwFSs
37,Full Control Bodyweight App - Skipping - DE,https://www.youtube.com/embed/0JH0bwVB9cI?si=MpZGQ_LhqJVvgZhU
38,Full Control Bodyweight App - Pike Push-ups - DE,https://www.youtube.com/embed/c7ozDXQ4jNg?si=vpJIQ8ezmOtp5ePR
39,Full Control Bodyweight App - Spiderman Planks - DE,https://www.youtube.com/embed/nsz2xA8Vw1c?si=0sy70Mhtqj-rchN4
40,Full Control Bodyweight App - Mountain Climbers - DE,https://www.youtube.com/embed/PPXyJ3w6bYM?si=cK8hohviM6HGSD7t
41,Full Control Bodyweight App - Burpees Slip & Roll - DE,https://www.youtube.com/embed/Af4EXN4qr6c?si=ib3HQwrzl8LkKbPG
42,Full Control Bodyweight App - T Push-ups - DE,https://www.youtube.com/embed/f5NKBfj-JGU?si=ZJrBz3Tideiy4INc
43,Full Control Bodyweight App - Front Kicks - DE,https://www.youtube.com/embed/IvEmW0_p6T4?si=SS8AfWvJ_wHav1SG
44,Full Control Bodyweight App - Thai Knees Sprawls - DE,https://www.youtube.com/embed/XDArwn6GrL8?si=wcfGt8KXAicEy7Hu
45,Full Control Bodyweight App - Walking Kicks - DE,https://www.youtube.com/embed/H02SRZ2zY6I?si=wPd2cWlnwK9rLZWL
46,Full Control Bodyweight App - Tuck Jump Burpees - DE,https://www.youtube.com/embed/AVgLehqvrEQ?si=_cCIPOa9jLK-9M-v
47,Full Control Bodyweight App - Catch Hook Sprawls - DE,https://www.youtube.com/embed/U2yCQpCLH6k?si=zjfuqd08K1HmwP5p
48,Full Control Bodyweight App - Jump Squats - DE,https://www.youtube.com/embed/sLnqo98F8UE?si=TwxzugTurv-qHP43
49,Full Control Bodyweight App - Shuttle Push-ups - DE,https://www.youtube.com/embed/r4mrERTxQCs?si=5GDPmXlJ7u3OOspL
50,Full Control Bodyweight App - MMA Push-ups - DE,https://www.youtube.com/embed/YBkX_RjWjhc?si=TOy43iQh54mHdAg9
51,Full Control Bodyweight App - Spiderman Push-ups - DE,https://www.youtube.com/embed/MoJyDlv9fOk?si=3CZYPtv4cHppYtjC
52,Full Control Bodyweight App - Inchworm Push-ups - DE,https://www.youtube.com/embed/j4zn6VuGwzw?si=dYs9Pa06qBIrNjvH
53,Full Control Bodyweight App - Leg Raises - DE,https://www.youtube.com/embed/4TOuW4FuAlo?si=zXFUg6QVA1hExURm
54,Full Control Bodyweight App - Jump Lunges - DE,https://www.youtube.com/embed/uBiOKvH-bgk?si=K7owKh6c68T1_kZz
55,Full Control Bodyweight App - Quick High Knees - DE,https://www.youtube.com/embed/rOoOlAd79bA?si=UBoG0Vc5UK8LfpMr
56,Full Control Bodyweight App - Sit-ups - DE,https://www.youtube.com/embed/PyoOmcBBDt4?si=aCcY5FrNhUS-tCgc
57,Full Control Bodyweight App - Windshield Wipers - DE,https://www.youtube.com/embed/fc68ePju6xg?si=GYiRqKsMzqEwp6cx
58,Full Control Bodyweight App - Russian Sit-ups - DE,https://www.youtube.com/embed/k3uwxwF-HBw?si=k5_cjILp-ZOR8045
59,Full Control Bodyweight App - One Handed Sprawls - DE,https://www.youtube.com/embed/z4DwA49-_cQ?si=RSrOuSjNSmWGRsBY
60,Full Control Bodyweight App - Mountain Climbers Pylo Spider - DE,https://www.youtube.com/embed/2uaMnEg89bU?si=TTM4HKSTcQMh0LMm
61,Full Control Bodyweight App - Frog Burpees - DE,https://www.youtube.com/embed/MondW3U4eFI?si=QrMsp3d4R3xMHC-j
62,Full Control Bodyweight App - Skipping Burpees - DE,https://www.youtube.com/embed/SQUWxfyGuck?si=hI-YJyf4puNRiGRE
63,Full Control Bodyweight App - Plank Jacks - DE,https://www.youtube.com/embed/leGiQk_vvDA?si=8VPfDw_d_a4NzdrL
64,Full Control Bodyweight App - Skipping Burpees - EN,https://www.youtube.com/embed/NbG2Z0hBpyQ?si=qvPD4yyG0XcgpIuJ
65,Full Control Bodyweight App - Inchworm Push-ups - English,https://www.youtube.com/embed/JhmbIX4QRmY?si=3FysBxS4ldn5w4NO
66,Back Lunge Front Kicks,https://www.youtube.com/embed/q9A5Ec-LUHM?si=_b3qfN8x8xGocjFP
67,Bicycle Crunches,https://www.youtube.com/embed/opobCUeSBnE?si=UWd2eeY4k1EL_m7a
68,Bicycle Sit-ups,https://www.youtube.com/embed/z2lkRR9mIbY?si=Tw43CtnrctqPuIM0
69,Easy Russian Sit-ups,https://www.youtube.com/embed/hsVCet4L-DM?si=X4KXWvNWEMHP-HTG
70,Easy Windshield Wipers,https://www.youtube.com/embed/yvaBgP6Oy94?si=D0DexVY5WDhfhYxq
71,Holding V,https://www.youtube.com/embed/pRYai-6EDN4?si=5ozbOQEkwp2YebNa
72,Knee Tuck Crunches,https://www.youtube.com/embed/wb4_WqICwQ4?si=fxm-CcICKhyNODW-
73,Bicycles,https://www.youtube.com/embed/wSvlClXTQmw?si=9jRqf5ABMyZS0GSN
74,Easy Bicycle Crunches,https://www.youtube.com/embed/qGyv1tCPBzQ?si=IuO8bcsymR3ViO-v
75,Easy Leg Raises,https://www.youtube.com/embed/iJNPPxRJpw0?si=J5xVaKg6l6ffY5o-
76,Easy Scissor Kicks,https://www.youtube.com/embed/P26r4zP7oog?si=R-bwgRUt_HMwT4BG
77,Hip Raise Hold,https://www.youtube.com/embed/CovsTASA8gw?si=dIwYBBJf75EwXqGY
78,Hip Raises,https://www.youtube.com/embed/xqu1FS7doEk?si=mRMEs2GuZogxSzcL
79,Jackknives,https://www.youtube.com/embed/GDn8abd4-Es?si=kmP832dePjSAGu-m
80,Leg Raises,https://www.youtube.com/embed/RgdOUBCRbUg?si=piT8YupKV_SdTrR0
81,Low Side Plank Crunches Left,https://www.youtube.com/embed/HLs_b0qgcpA?si=cI0Ne9UnIaLvASd0
82,Low Side Plank Crunches Right,https://www.youtube.com/embed/Ez6Eh4RDM84?si=BNfyJ29aW7V3BImt
83,Low Side Plank Crunches Left,https://www.youtube.com/embed/HLs_b0qgcpA?si=CHFMuaT2Ugg5mWiF
84,Low Side Plank Crunches Right,https://www.youtube.com/embed/Ez6Eh4RDM84?si=W98laXiCkPMJhiP5
85,Reverse Crunch,https://www.youtube.com/embed/GYZnXGZCPSY?si=wGhyMSaaULNZwlnY
86,Reverse Inchworm,https://www.youtube.com/embed/bJPJWkY3W7c?si=0xnJPOxW_XzYzcyo
87,Russian Sit-ups,https://www.youtube.com/embed/O6pfyFbkmPA?si=2wWSSTu1kb7AUVVX
88,Russian Sit-ups High Legs,https://www.youtube.com/embed/-dtWcvucqbY?si=rs8ZUtYz5mDFI_3k
89,Russian Sit-ups Straight Legs,https://www.youtube.com/embed/uA13KIzO7po?si=dEYg7n4elZJnOg-Y
90,Scissor Kicks,https://www.youtube.com/embed/tC214gA6qNE?si=M1DjREbr-OA2MTMS
91,Single Leg Raises,https://www.youtube.com/embed/9VfpMx_cmb4?si=Fp2LsRcB3KSRZmXB
92,Sit-ups,https://www.youtube.com/embed/heo64wpbuWQ?si=8GKJIn_sy73rYGUs
93,Sit-ups Elbow Knee Taps,https://www.youtube.com/embed/KFnX7VRPKuk?si=XPuibOMsZjLQKDfz
94,Sitting Knee Tuck Crunches,https://www.youtube.com/embed/uLgKTY-8gi4?si=elyHJN-d4omWuhSZ
95,Sitting Leg Raises,https://www.youtube.com/embed/LL1XooTxJWY?si=e6EcGEHVEJ6d-zfz
96,Sitting Scissor Kicks,https://www.youtube.com/embed/j1H-YfnGKlM?si=QziWVFzRHz_VbFWq
97,Sitting Scissor Kicks High Legs,https://www.youtube.com/embed/-U08CeW0PNk?si=APrhsr3SQna2Baps
98,Sitting Windshield Wipers,https://www.youtube.com/embed/6Az-SZKpPc0?si=QR4sNc1vuMmWoyxg
99,Toe Touch Crunches,https://www.youtube.com/embed/xH5ECXaZYn0?si=I777K8vIg6U7WQVR
100,Windshield Wipers,https://www.youtube.com/embed/OH4Jjnr7bF4?si=kbvLvXejAl6yE1gq
101,180 Jump Squats,https://www.youtube.com/embed/nGPeAt-KHdQ?si=HBbXoGR_gt84GG2k
102,Back Lunges,https://www.youtube.com/embed/tueRlnClH7g?si=f-3yE--HJqmS9v2g
103,Calf Raises,https://www.youtube.com/embed/haj7bhjYYzM?si=l2QNfR1vYXF-YLJz
104,Cossack Squats,https://www.youtube.com/embed/g8C1spJtheo?si=FlanyhP-zZAT5dRS
105,Drop Squats,https://www.youtube.com/embed/xgQGXnBcJSI?si=HyYhH52M5IbuHc-_
106,Easy Lunges,https://www.youtube.com/embed/5kRDBWvIDUE?si=hGSOBMjLLEfs9a2z
107,Easy Side Lunges,https://www.youtube.com/embed/IXbPIt4HHrg?si=pqOiBc9oidLEweSu
108,Floor Jumps,https://www.youtube.com/embed/hiEH3W6bhWg?si=SVTc23BP5NQtqa0g
109,Frog Jumps,https://www.youtube.com/embed/NtFvUsqBAPA?si=540aV4aGUh0hghkP
110,Front Kick Squats,https://www.youtube.com/embed/XZr6O4WHSQw?si=EcKmsNNSmfKWR45C
111,High Side Knees,https://www.youtube.com/embed/Wlj6P3ayP4Q?si=tjM0F1vXUpDprkNf
112,In & Out Squats,https://www.youtube.com/embed/Cric4RLzuhc?si=BHm1l_9L92IBRE-I
113,Jogging High Knees,https://www.youtube.com/embed/hSW3MiRGJuI?si=Hwvq5jKZ4nOh9veu
114,Jump Lunges,https://www.youtube.com/embed/WZkmjKPlfGE?si=f8kgg-65pGbpU2qO
115,Knee Leg Lifts Right,https://www.youtube.com/embed/yyBwdfmIArk?si=knhg1ca6srUaIk6y
116,Knee Leg Lifts Left,https://www.youtube.com/embed/Wh36QdYdR2M?si=r7tCnurRVVHv6d0Z
117,Knee Leg Side Lifts Left,https://www.youtube.com/embed/jOHRNXhlaZ0?si=S71K5nTq7B4D3kdL
118,Knee Leg Side Lifts Left,https://www.youtube.com/embed/jOHRNXhlaZ0?si=x3dRQJjAflBG8Shs
119,Knee Leg Side Lifts Right,https://www.youtube.com/embed/NMeiyKseNGQ?si=K8xD1NMT57xX6x92
120,Lunge Steps Left,https://www.youtube.com/embed/YINFqxccMB0?si=P_hKvXl976CbT0No
121,Lunge Steps Right,https://www.youtube.com/embed/SP6ZDFqDcGs?si=5EZ2bQRPZ-HwTOcy
122,Pistol Squats,https://www.youtube.com/embed/vU5yyi6Kf64?si=no7Eq8Yt9iG9mdyI
123,Quick Feet Squats,https://www.youtube.com/embed/l3Qpk3o8O58?si=idEl0rYhA-lklP7p
124,Running High Knees,https://www.youtube.com/embed/CSb047nBQ54?si=q1IRrQJk52Aiw5pr
125,Side Lunges,https://www.youtube.com/embed/qsESZCXQkrY?si=Y5EXdZ0aia8eHsS-
126,Squats,https://www.youtube.com/embed/YXzNxqdOiNk?si=mOsPMjByHXkVEX9I
127,Tuck Jump Front Kicks,https://www.youtube.com/embed/sVPGEPM0Xo8?si=bUeYfrpNJ5TetgvI
128,Tuck Jumps,https://www.youtube.com/embed/0geOw4a3kHc?si=-GZctzchCSsDfFDG
129,Walking Kicks,https://www.youtube.com/embed/QwX79qtemDw?si=YYyF0GV0suQSU9PY
130,Wall Sit,https://www.youtube.com/embed/gXrPDbr8J74?si=zpU9ESac0-BZJhrj
131,Tuck Jump Squats,https://www.youtube.com/embed/BjqxHBWCRr4?si=-k3-1wW8PzDhU5G5
132,Box Jump Side Lunges,https://www.youtube.com/embed/wwdCtBwGlCg?si=89bFPiTYGrdPmYbZ
133,Box Jump Side Lunges,https://www.youtube.com/embed/wwdCtBwGlCg?si=RiV8m4cE0IEak0Ed
134,Feet elevated Push-ups,https://www.youtube.com/embed/7t0KVkD9Crw?si=tEZd0yun7JPSwxXx
135,Feet elevated Push-ups,https://www.youtube.com/embed/7t0KVkD9Crw?si=Blwcebt_h284FjXZ
136,Feet elevated Pike Push-ups,https://www.youtube.com/embed/eQHLQMNTy_0?si=Pjw48uKyC1Ql-luE
137,Feet Elevated Lunges Right,https://www.youtube.com/embed/xCOgWrdYZnU?si=ePD4kuMCY_17pjrD
138,Feet Elevated Lunges Left,https://www.youtube.com/embed/oWDQeH4LbR8?si=n-vg2Jc_NIzjyO2f
139,Tipping Box Runs,https://www.youtube.com/embed/e6A82-nlmEg?si=3ythN4s0KYFsLHJG
140,Quick Box Jumps,https://www.youtube.com/embed/8QuPTeZAt0w?si=omYPv2ISdDlzPfDV
141,One Leg Box Jump L,https://www.youtube.com/embed/zzRgiUgEHGk?si=P8LjuSRa8codtHtc
142,One Leg Box Jump R,https://www.youtube.com/embed/HGdIJ_sqzzw?si=dHnfBYJQQjCIKbs3
143,Hand elevated Triceps Dips,https://www.youtube.com/embed/3AhLqs00bLc?si=wpe3ESYZi6E1NUGJ
144,Explosive Box Jump Stepups,https://www.youtube.com/embed/8BfPAhwrZZM?si=pV_WWeoKmEX79nsG
145,Skipping Burpees,https://www.youtube.com/embed/WAtNeC0KUsI?si=Yq16O8Lkm486zi2j
146,Frog Jump Burpees,https://www.youtube.com/embed/s7KGtbprREg?si=68v5wCa3EcPEx9WB
147,Frog Jump Burpees,https://www.youtube.com/embed/s7KGtbprREg?si=BoFwR4ymZDGFAeQr
148,Frog Jump Push-up Burpees,https://www.youtube.com/embed/DVjckCIHeao?si=oPtssG5k-paPFQRD
149,Quick Feet Squat Burpees,https://www.youtube.com/embed/l4p8iernCKY?si=UZ-80AwIGMrYb3Pt
150,Quick Feet Squat Tuck Jump Burpees,https://www.youtube.com/embed/On1qBzQVc9Y?si=GH605UTHN5-Xys2l
151,Tuck Jump Burpees,https://www.youtube.com/embed/edL1YpCRcKk?si=Nbj1_eRhoqG1ijrs
152,Burpees Slip & Roll,https://www.youtube.com/embed/7Ny0Z0LBSAY?si=Gj-9uoQVer5_veKb
153,Burpees,https://www.youtube.com/embed/UnihBPbByM8?si=C-P-JJQ7y4b9miqo
154,One Leg Burpees Left,https://www.youtube.com/embed/AJEedD_AZQ0?si=PnQR69n_19wNqc7r
155,One Leg Burpees Right,https://www.youtube.com/embed/yBJWQ1IzS0I?si=V6PwAk9dlDzqRClf
156,Push-up Burpees,https://www.youtube.com/embed/O8fuUkWgczs?si=8qska1tkQpNaEbmZ
157,Burpee & Roll,https://www.youtube.com/embed/bfJAZECz1Zw?si=vmXnBNO9TmCuRDXq
158,Bear Crawls,https://www.youtube.com/embed/bKBpf8t0Hwk?si=rVU9mxv0VqudUb8P
159,Bridge Toe Tap,https://www.youtube.com/embed/Ei90AxVG97w?si=EK96NWgWQQMki-Mb
160,Clap Jacks,https://www.youtube.com/embed/7-L17HAAE6I?si=GIYruOisJ9XTWrWF
161,Jumping Jacks,https://www.youtube.com/embed/FpZ_iqZiMEs?si=v9oiWaHL88KrLWYH
162,Star Jacks,https://www.youtube.com/embed/AdK-gx3MPTc?si=I-sjgpjwaZm3-a1H
163,Extended Inchworm,https://www.youtube.com/embed/WAHem6_Uwqw?si=iHbfV1eQEQQiwxno
164,High Plank Kick Out,https://www.youtube.com/embed/tayw3zrLkn8?si=yKmMUhnDryv8QEoZ
165,High Plank Knee Tap,https://www.youtube.com/embed/F6zrj69Fd3Q?si=W2m2GevR8bTZe1kK
166,Spiderman High Plank,https://www.youtube.com/embed/TZZxRA8iMmA?si=aqHgOL39cW3liRMv
167,High Plank Walking,https://www.youtube.com/embed/qwBOc_KA68g?si=yubTIEEl97TOB1XM
168,High Plank In & Out,https://www.youtube.com/embed/9yL7Cr6-_TY?si=RuBmf3ZdvJ4mft2z
169,Side Star High Plank Right,https://www.youtube.com/embed/UN9NeX5Ol1s?si=y_-5yX1-_zuBzd62
170,High Plank Side Spiderman Left,https://www.youtube.com/embed/jmnb24aV_70?si=3qk_fy5KX9AWyBhS
171,T High Plank,https://www.youtube.com/embed/BxxWGP3OrRg?si=YhdL-46eNTYtK5VS
172,T Side Star High Plank,https://www.youtube.com/embed/bM9x2n7K-oY?si=rx2lTic8tQaAFsRK
173,High Plank Toe Tap,https://www.youtube.com/embed/kc6qYzYiHOU?si=0CiUelwOloZw54e-
174,High Plank Side Spiderman Right,https://www.youtube.com/embed/syQhdsG1HKY?si=_dCrgpeBmgg3_7oC
175,High Plank Side Crunches Left,https://www.youtube.com/embed/7yfeW0CST5Q?si=I3D8yt26yPxtgaAz
176,Low Plank Side Spiderman Left,https://www.youtube.com/embed/VeKhDltBH3U?si=KcmoHxKWlRspvCJR
177,Low Plank Side Spiderman Right,https://www.youtube.com/embed/7neAbtByVN8?si=FDVB7CAnu3DKRaBm
178,High Plank Crunches,https://www.youtube.com/embed/9h7b6pa_wOA?si=oUHZP_Slcu-TPVOt
179,High Plank Feet Tap,https://www.youtube.com/embed/BFJF_sKFIDU?si=D4f0csBdd2Oo34-V
180,High Plank Jacks,https://www.youtube.com/embed/NI9KIYNbBJA?si=qZZhmDvjRgEEe4fz
181,High Plank-ups,https://www.youtube.com/embed/rF5kGP_yQSg?si=Vnn6RYZhZCCMzFW3
182,Reverse High Plank,https://www.youtube.com/embed/u-oH0xobCvo?si=sm2FFwWyZ9hZWTqU
183,Easy High Plank Superman,https://www.youtube.com/embed/09i7p0SE8Zk?si=-xeb6K_AhkkgJx-S
184,High Plank,https://www.youtube.com/embed/iB39jfGOBO0?si=DwG7yKmvuPzCFmej
185,Inchworm,https://www.youtube.com/embed/DO380uJZv9w?si=10Q20ptElrZVMt_r
186,Low Plank Hand Jacks,https://www.youtube.com/embed/JUgrf0gLc8U?si=eAFI2HwDth2Z2IpF
187,Low Plank Side Steps,https://www.youtube.com/embed/-fXhC_ZxOjc?si=3v7jNKxEn9WW_SvB
188,Side Star Low Plank Left,https://www.youtube.com/embed/Y3colQQ_mhI?si=iv_NEefSIBZDdhAE
189,Side Star Low Plank Right,https://www.youtube.com/embed/2MAesYL6JvM?si=0zqvGihD1NB_tLyF
190,T Side Star Low Plank,https://www.youtube.com/embed/73HMNXjA1H4?si=k6fmO05r0eHBTIqZ
191,Low Plank Jacks,https://www.youtube.com/embed/2jNWPzrmTRI?si=8Wim2FLUdckcMAWH
192,T Low Planks,https://www.youtube.com/embed/tsJv7VXHRQI?si=mE6Fr7rBxdiwMKT4
193,Spiderman Low Planks,https://www.youtube.com/embed/IxrONLtEu4c?si=GHDjdW-O6WaZeNqh
194,Easy Low Side Plank Crunches Left,https://www.youtube.com/embed/Wpus6D2ODLQ?si=JWyY0bd7UfEq4g_y
195,Easy Low Side Plank Crunches Right,https://www.youtube.com/embed/cUOZYq4a1CA?si=1DnOxgH4Kzgh8Dsb
196,Easy Low Side Plank Leg Lifts Left,https://www.youtube.com/embed/nC9PC09cGEE?si=JilAtCSqJCbf4QiG
197,Easy Low Side Plank Leg Lifts Right,https://www.youtube.com/embed/Cqvoo-DQvtE?si=nTYkdfFXo6t3UJgG
198,Knee Low Plank Pop-Ups,https://www.youtube.com/embed/TVdNEziZlk0?si=-_tN_ODUyaa6iHtV
199,Low Plank Crunches,https://www.youtube.com/embed/YvZIArjzam8?si=JsijLDu4PkRbtSdX
200,Low Plank Twist,https://www.youtube.com/embed/-6RC2a2qLUI?si=o5GFY5ieG3-Dt4LW
201,Low Side Plank Twist Right,https://www.youtube.com/embed/-QBm8fchAQs?si=kCQiBjrQ_V7rkOGB
202,Low Side Plank Twist Left,https://www.youtube.com/embed/FhebL0NNgts?si=NAp3QdrZu6B1OTNf
203,Reverse Low Plank,https://www.youtube.com/embed/cVSBjTyKECU?si=bLv0U2Z0gM2EbXSe
204,Easy Low Side Plank Left,https://www.youtube.com/embed/H4QGBPpdJlM?si=j4yb0zcB3e1YMr9N
205,Easy Low Side Plank Right,https://www.youtube.com/embed/CIrpfCKS5ps?si=aeIzEsd13WRRxY85
206,Low Plank-ups,https://www.youtube.com/embed/_YkeclmLxdE?si=LBO3zeNb6_ORDJKR
207,Low Plank Pop-ups,https://www.youtube.com/embed/K-UIbhFMNCs?si=k6C03hK0ozx7Nv6h
208,Low Plank,https://www.youtube.com/embed/nS4PUPVdLYg?si=lrDL7Eei8dDyXkST
209,Front Kicks,https://www.youtube.com/embed/H85yGi1C2P0?si=ZlxLonf56_StOE2f
210,Skipping,https://www.youtube.com/embed/ekWX_zS-KGw?si=G2FfYyOFOs3_i-hh
211,Thai Knees,https://www.youtube.com/embed/NGIdBqIFDHw?si=6xgt0XvgKBffqmLb
212,Front Kick Burpees,https://www.youtube.com/embed/p_jzBO1xYNY?si=VIpA3JrIFTfZtZ2s
213,Boxing Catch Hooks,https://www.youtube.com/embed/TxLY6-_FyWE?si=pTovrZ4ZiILDKUnn
214,Jab Cross,https://www.youtube.com/embed/A8maQG0ev1M?si=feONySWxqLpshbbT
215,Boxing Slip & Roll,https://www.youtube.com/embed/BcAZWwVwSLw?si=Us-obHZmmL3r9FrP
216,Mountain Climbers Pylo Spider,https://www.youtube.com/embed/yF9Wwfklco4?si=X3RrAW4VqRb2E3Lg
217,Mountain Climbers,https://www.youtube.com/embed/Xn53SGhxeT8?si=v6shfwClDqnsxFZb
218,Mountain Jumpers,https://www.youtube.com/embed/9So8xCPeiMs?si=sowuSYe2htPJyoAN
219,Mountain Side Jumpers,https://www.youtube.com/embed/zUwurR_S75Y?si=hq3cy0ucL7WPoPa-
220,Mountain Wide Jumpers,https://www.youtube.com/embed/eza10imlVVE?si=L2pW5mX0S_HebTlD
221,Mountain Climber Twist,https://www.youtube.com/embed/98W3pWFVaz8?si=xezk3bMccD8jLUal
222,Low Plank - Side Jumps,https://www.youtube.com/embed/lnVi0OlMbn8?si=iR_ynSF-Pgi_fIsV
223,Low Plank - Side Jump Burpees,https://www.youtube.com/embed/LK8h8Zko0s8?si=46n5cHEndS8Xrwz4
224,Knee Hands Off Push-up Partner Claps,https://www.youtube.com/embed/iCeJoTNppgY?si=mbSMEEhn7p6EfZiN
225,Hands Off Push-up Partner Claps,https://www.youtube.com/embed/5rnwEbfoCa8?si=DUsWDC8t_aeiSnv7
226,High Plank Partner Claps,https://www.youtube.com/embed/WZfZaW4fyq4?si=DRN9cf96zlXEZ0s4
227,Low Plank Partner Claps,https://www.youtube.com/embed/tW299YFPfMM?si=OlRZyzWMBzkXIt_Z
228,Low Plank - MMA Push-ups,https://www.youtube.com/embed/tRXwn8reSTk?si=fakHF233ZmwN0oWU
229,Sitting Leg Raises - Side Drills,https://www.youtube.com/embed/UQUQv9cSzi0?si=DGUQg3yggg_WNp-B
230,Low Plank - Side Drills,https://www.youtube.com/embed/gfzNKsp6okM?si=mmknujfUaKlKzkwo
231,Partner Leg Side Throws,https://www.youtube.com/embed/hFoMWwISOts?si=mNTQZisbR0AHgoYz
232,Partner Leg Throws,https://www.youtube.com/embed/Q56U9gMmD7Y?si=4car0y4_lKhOVNql
233,Partner Leg Circles,https://www.youtube.com/embed/PSe5jiLv80Q?si=jwbFtPVF-SQnXByE
234,Low Plank - High Plank,https://www.youtube.com/embed/RdqGo6SVrXQ?si=Ck8lyXtjufK5Y4oU
235,Sit-up Partner Claps,https://www.youtube.com/embed/GNpAOe_ULvg?si=TwMJeA64X19O_rD3
236,Bridge - Dips,https://www.youtube.com/embed/K4faN_YM83A?si=G41kgBwdEuRe4zDL
237,T Push-up Partner Claps,https://www.youtube.com/embed/LU2NZteaiY8?si=kgQ1tHEriV30BL64
238,High Plank Partner Jacks,https://www.youtube.com/embed/W3qTRQjNThY?si=ijY_T1h5CsIVfnoI
239,Low Plank Partner Jacks,https://www.youtube.com/embed/P-LuXnHJ37k?si=NQWKxxSMpYje6AVH
240,Low Plank - Standup and Roll,https://www.youtube.com/embed/0PyinQNhWmg?si=QwM5j0ndHAUHWeBs
241,Partner Hamstring Raises,https://www.youtube.com/embed/wIe2ZHP9EXU?si=x5KvooyUPX545Vx7
242,Inchworm Push-ups Partner Claps,https://www.youtube.com/embed/LUjZnpgZEyY?si=tX8DWrwfVJzfoiSX
243,T Low Plank Partner Claps,https://www.youtube.com/embed/jclP2H33agQ?si=5ri6XI3VhPP9Brtx
244,Assisted Pullups,https://www.youtube.com/embed/ZAdP0E9NYTI?si=P1ELDLyYaqPeHIZO
245,Jumping Pullups,https://www.youtube.com/embed/ZyhzkbSfJNE?si=0jhRz8_PSfSr-nBv
246,Pullups,https://www.youtube.com/embed/FtKrkxXBt-A?si=yOxNkkG3TQppOwSu
247,Strict Pullups,https://www.youtube.com/embed/x8_YIs3poD4?si=ElyMrfe2MsdKYA3r
248,Archer Pullups,https://www.youtube.com/embed/3c2hYwxLmyU?si=HNjfDXcH69dkBnOu
249,Commando Pullups Left,https://www.youtube.com/embed/biJID3y4Mrs?si=5lmtqj-wRBkpFIq-
250,Commando Pullups Right,https://www.youtube.com/embed/URg2V9QulB4?si=tpsQzTIh4wtH1Ow0
251,Straight Bar Dips,https://www.youtube.com/embed/3I2ewW_DkVg?si=XH4eSeycUCl0FibI
252,Toes-To-Bar,https://www.youtube.com/embed/pTutqMnSVZQ?si=BoTDay1VdnWtQ3CK
253,Wide Grip Pullups,https://www.youtube.com/embed/8lTMncZ31Bg?si=lXwXdNrHxHUhoClJ
254,Close Grip Pullups,https://www.youtube.com/embed/WRo6BI25bqI?si=-QBEqBdhAVS7fPzZ
255,Chinups,https://www.youtube.com/embed/vAtRTkzLRy0?si=WKoXBG5DauQL24bA
256,Chinup Mid Hold,https://www.youtube.com/embed/oZ6-H6w91LU?si=d65iYhe6yLZD163y
257,Chinup High Hold,https://www.youtube.com/embed/3X708NnSNI0?si=kGwZU2GOp4-j3mVh
258,Jumping Chinups,https://www.youtube.com/embed/Y4IQwlRur1k?si=kFwQJ7kJGRDBGAhp
259,Pullup Mid Hold,https://www.youtube.com/embed/GpREGAdhHOI?si=lpNJXlbOFhhahVd9
260,Pullup High Hold,https://www.youtube.com/embed/5YJBx9LvqDA?si=4RvoRlBZlmfleWzA
261,Bars Windshield Wipers,https://www.youtube.com/embed/QPuxoTbfTlo?si=4XYL31SNi1FBUUCT
262,Plyo Pullups,https://www.youtube.com/embed/YvNj1My7ygQ?si=LPFSkSa04lGkmtij
263,Bars Leg Raises,https://www.youtube.com/embed/JbtGOZnWS-g?si=QN3VU6v0tyeo7WGN
264,Bars Leg Raises Hold,https://www.youtube.com/embed/Dvv8ZsRg-8Q?si=07bQi_9Mza20TiFc
265,Bars Knee Raises,https://www.youtube.com/embed/PcuQcnfmpBw?si=oY_R3OZZBsBJMuMu
266,Bars Knee Oblique Raises,https://www.youtube.com/embed/0zjFM8mIies?si=-eH_U_yn_qKeqBWN
267,Negative Pullups,https://www.youtube.com/embed/YOezUp3id8I?si=93dgUkl4Zd8AmKZC
268,Pullup Low Hold,https://www.youtube.com/embed/o5Ac3Jb9NpQ?si=P6pIpafZyPd9SMkn
269,One Arm Low Hold Left,https://www.youtube.com/embed/kpFc48topMc?si=Kq4czOzC109BEEYW
270,One Arm Low Hold Right,https://www.youtube.com/embed/9TpjMPVb37Y?si=BCDNyZYlPn14eBKI
271,Incline Rows,https://www.youtube.com/embed/xPV-RFvtJwA?si=6X5B0pu7Qvi5gEXb
272,Easy Incline Rows,https://www.youtube.com/embed/Zx-5RKShI_8?si=jnNt5qTwdGG3xWaB
273,Close Grip Incline Rows,https://www.youtube.com/embed/5Q30WUhjgng?si=7EyBrWiFWUD9rRxl
274,Chinup Incline Rows,https://www.youtube.com/embed/HNgPm0f5Ick?si=UAb3-JCSPzLhqcqU
275,Close Grip Chinup Incline Rows,https://www.youtube.com/embed/bIu2smFOMZQ?si=lmWmO-37gMt-n5YX
276,Easy Standups,https://www.youtube.com/embed/bRn2m6cd8m0?si=IdZ8PaOaPIuQ9Gxe
277,Pistol Standups,https://www.youtube.com/embed/pkiM09_Gttc?si=Y8cYakqoRdwg-jhX
278,Standup Tuck Jumps,https://www.youtube.com/embed/APGCmpkiRKA?si=ZRFosBqbu0pJqY9K
279,Standups,https://www.youtube.com/embed/kO6ci5MCVB4?si=JiBeO-VaeYooP128
280,Inchworm Push-ups,https://www.youtube.com/embed/ZJCkukemI-A?si=zf120dUmxCAhc_2V
281,Inchworm Push-ups,https://www.youtube.com/embed/ZJCkukemI-A?si=WafztBtiWOAXDZes
282,Spiderman Push-ups,https://www.youtube.com/embed/TZm2B0SqDBc?si=JfFk6dWokMKB6oBI
283,Shuttle Push-ups,https://www.youtube.com/embed/J6WMT1slxTE?si=TLACNW8ojr_M3ktU
284,T Push-ups,https://www.youtube.com/embed/LnNwwSjxTBk?si=zcw5BmifMsNDD2OR
285,Knee Clap Push-ups,https://www.youtube.com/embed/yXeb-QcNfMw?si=luSuaLveQ6NFPYja
286,Clap Push-ups,https://www.youtube.com/embed/xfO91Pz5E4M?si=Ovsr_wfRHltIARSI
287,Hands Off Clap Push-ups,https://www.youtube.com/embed/BP22lO_aXBE?si=16PoihdPDMUQKTyD
288,Knee Hands Off Push-ups,https://www.youtube.com/embed/93LBi6mcGTI?si=hWEUtldTzauixyF8
289,In & Out Clap Push-ups,https://www.youtube.com/embed/i3YY0FEQa6Q?si=xLGTE_MqKtlOGzen
290,MMA Push-ups,https://www.youtube.com/embed/5C30Id8N5NU?si=9ezyVkiURJTlpgUo
291,Knee In & Out Push-ups,https://www.youtube.com/embed/__wpDdUvXFk?si=SbkGMKebZjX-bRhN
292,Inchworm MMA Push-ups,https://www.youtube.com/embed/eTpFT229zz4?si=j8fklByf-iDNmYJy
293,Knee MMA Push-ups,https://www.youtube.com/embed/OmRIH6KjrtY?si=0ry2nOHnYXfCr1E6
294,Knee Push-ups,https://www.youtube.com/embed/SMGSfry-ano?si=KQ6BEzeWQJSQqvPM
295,Knee Tap Push-ups,https://www.youtube.com/embed/1hyYvGnZmPY?si=rqamrPH5yeHXB7_P
296,Inchworm One Handed Push-ups,https://www.youtube.com/embed/oFu4nmXRX5k?si=BdU9JgN0p8g9sdF4
297,Knee One Handed Push-ups,https://www.youtube.com/embed/MZsz80vj8gE?si=1lIWjGfmUz0KAKmi
298,One Handed Push-ups,https://www.youtube.com/embed/2UCErhNtJrw?si=uJxTQlAVq_RCD5DK
299,Push-up Jacks,https://www.youtube.com/embed/-n1kpBRIh04?si=d5CfzyIL9BUTP6X1
300,Push-up Toe Tap,https://www.youtube.com/embed/-_Eb4LDLQGQ?si=pDu6yv-brL_KJKsg
301,Push-ups,https://www.youtube.com/embed/Bp15s-7MPtI?si=BbqrLmS_mlync-6B
302,T Knee Push-ups,https://www.youtube.com/embed/TCkl_Q1co3o?si=PdlMZj9UHcKxoMRO
303,Triceps Dips,https://www.youtube.com/embed/HOk2K9CnFuc?si=30DPLxDBi4SMtWYU
304,Triceps Dips,https://www.youtube.com/embed/HOk2K9CnFuc?si=DvfkhVNg6bPHZkpg
305,Triceps Dips,https://www.youtube.com/embed/HOk2K9CnFuc?si=YoxtAo0AoVdogd7N
306,Knee Triceps Extension Push-ups,https://www.youtube.com/embed/keydOd-qJoQ?si=nID01zoSjj_z3X2F
307,Wall Handstand Push-ups,https://www.youtube.com/embed/EF7IVPTm058?si=qtYGavs6O2TNJIiH
308,Wall Handstand Push-ups,https://www.youtube.com/embed/EF7IVPTm058?si=uEJ3R_mbY5r8jgJ0
309,Hands Off Push-ups,https://www.youtube.com/embed/XKrcKklIp7Y?si=oFzSYHEEp7lqPw6v
310,Pike Push-ups,https://www.youtube.com/embed/xdinliuImwo?si=n3AUxbY_7KEgimh_
311,Pike Push-ups,https://www.youtube.com/embed/xdinliuImwo?si=q2YNz2MCQASBhe2t
312,Pike Push-ups,https://www.youtube.com/embed/xdinliuImwo?si=vqDxz7mYbYb-fitn
313,Kick Out Push-ups,https://www.youtube.com/embed/JptVjPL7UBo?si=V1nWu9QNVvCJtLDb
314,Kick Out Push-ups,https://www.youtube.com/embed/JptVjPL7UBo?si=ZuEFFfY3GREZiLf5
315,In & Out Push-ups,https://www.youtube.com/embed/WbjtMRB8BQY?si=pUQh1NsuVJ5EU33g
316,In & Out Push-ups,https://www.youtube.com/embed/WbjtMRB8BQY?si=6E0-CZ0YhvSSWIQT
317,Triceps Extension Push-ups,https://www.youtube.com/embed/6_pm4p95Bw8?si=oeJOz1H5scCBEu47
318,Side Dips Right,https://www.youtube.com/embed/gwavNeRCVWY?si=3xSwwObfJdpFEyTV
319,Side Dips Right,https://www.youtube.com/embed/gwavNeRCVWY?si=29IBmJ70WuTMq_B3
320,Side Dips Left,https://www.youtube.com/embed/JyWoNaokhrQ?si=3FN44HSR21UmLxIt
321,Side Dips Left,https://www.youtube.com/embed/JyWoNaokhrQ?si=CFl1oOHxQQe91pJH
322,Archer Push-ups,https://www.youtube.com/embed/RL4simceN4s?si=GEHgf6I0Lejt3Qx_
323,High Plank Feet Tap Superman,https://www.youtube.com/embed/FDvkjRoKytQ?si=Kx9yoYrWoFTIoJdt
324,High Plank Feet Tap Superman,https://www.youtube.com/embed/FDvkjRoKytQ?si=57_ULA4wZkBHhYE1
325,High Plank Superman,https://www.youtube.com/embed/p7KaUYb7VP0?si=zgswuH1OCLEVaIV0
326,Easy Low Plank Superman,https://www.youtube.com/embed/YuAaKugSHEM?si=4SwUn3IpLbl_Q9l-
327,Low Plank Superman,https://www.youtube.com/embed/eTgOvVLdyNM?si=kBXhds3OUIXPEMPk
328,Arms & Legs Scissors,https://www.youtube.com/embed/liHMyrTFvBE?si=RJMXM-w60w9ddFdf
329,Arms & Legs Scissors,https://www.youtube.com/embed/liHMyrTFvBE?si=PMTcooxVZs_buH1y
330,Arms & Legs Scissors,https://www.youtube.com/embed/liHMyrTFvBE?si=aeGVjGeuditfSRFf
331,Cobra,https://www.youtube.com/embed/g9jwCEVFWm0?si=2VwDvQy6bw0XwVCw
332,Cobra,https://www.youtube.com/embed/g9jwCEVFWm0?si=nEcbd6h_InrLcU_R
333,Easy Superman,https://www.youtube.com/embed/cDS9-PaIvJM?si=Pvmw0SkTrRkT5p7w
334,Knee Superman,https://www.youtube.com/embed/9pr25v7zFfk?si=MWBz3Am1LmVSb0Hw
335,Prone X,https://www.youtube.com/embed/thCvr2T9ThA?si=qN5z-WoB-WtXm217
336,Pulsing Superman,https://www.youtube.com/embed/nDkgj0L2hZs?si=PerUNu0agNfKHGDM
337,Superman,https://www.youtube.com/embed/8ejB0Dnlrn4?si=U5bqCmy7A16OyKs8
338,Superman Hold,https://www.youtube.com/embed/UWuJs_WZHlw?si=LAWm7-l792ELNt1g
339,Wall Back Press,https://www.youtube.com/embed/XrCQ8HVJ6Rc?si=zW4X1uvp203HuAPI
340,Wall Back Press,https://www.youtube.com/embed/XrCQ8HVJ6Rc?si=fBPrMynCcS94SY4I
341,Catch Hook Sprawls,https://www.youtube.com/embed/ngk_ArhW4cg?si=zEdm9bqRbCxS-HL_
342,Catch Hook Sprawls,https://www.youtube.com/embed/ngk_ArhW4cg?si=5KcaYeoUkJjSRwvg
343,Thai Knee Sprawls,https://www.youtube.com/embed/9_XETDjsrC4?si=PwxEyTGo_t8b5C69
344,One Handed Sprawls,https://www.youtube.com/embed/toY7YTjVrXs?si=HEuYjy_ui_3Tr50v
345,One Handed Sprawls,https://www.youtube.com/embed/toY7YTjVrXs?si=p5yQ7ocZJFudIcJt
346,Frog Jump Sprawls,https://www.youtube.com/embed/14BsyPIkrCw?si=zJ7Eax7lcQYXPCe7
347,MMA Push-up Sprawls,https://www.youtube.com/embed/HlCeHWfqLjU?si=WK4hVvHU0lCyC0uM
348,Quick Feet Squat Sprawls,https://www.youtube.com/embed/4vqmgu7HUUM?si=quaFiXET64cI2Gvi
349,Quick Feet Squat Sprawls,https://www.youtube.com/embed/4vqmgu7HUUM?si=_tQTLR_KEmsoe5ci
350,Skipping Sprawls,https://www.youtube.com/embed/ZG121E8mzDg?si=YrBgGe7HnpomJrSI
351,Tuck Jump Sprawls,https://www.youtube.com/embed/n4gJXbdQsDA?si=wiaeQXTlRr42kU5i
352,Tuck Jump Sprawls,https://www.youtube.com/embed/n4gJXbdQsDA?si=tjnAt6C1-hhShbLs
353,Sprawls & Roll,https://www.youtube.com/embed/pjJrOJNn7oU?si=zmKsoTrxmGgpmE4g
354,Sprawls & Roll,https://www.youtube.com/embed/pjJrOJNn7oU?si=L2KIj_RBUTnlh1aa
355,Sprawls & Roll,https://www.youtube.com/embed/pjJrOJNn7oU?si=ve1O8i9wJgQKAVS-
356,Sprawls,https://www.youtube.com/embed/j_5LFRvzLnY?si=nHtR6rckfsaXE8gT
357,Suicide Sprints 5 Meter,https://www.youtube.com/embed/xAR4MSZx4_8?si=N0H79NPFac1KjmQ6
358,Suicide Sprints 10 Meter,https://www.youtube.com/embed/2dO2myrMNWA?si=hdY4CvQ84ffDsCcR
359,Suicide Sprints 15 Meter,https://www.youtube.com/embed/9omr0hzeXe8?si=ZEN9AWtrUzCSC1o3
360,Suicide Sprints 20 Meter,https://www.youtube.com/embed/lpaOvkghpdM?si=lkZmNwy2naXE1RGd
361,Suicide Back Sprints 5 Meter,https://www.youtube.com/embed/nvUpusNCQzA?si=O27MlSv5bArz1d8V
362,Suicide Back Sprints 10 Meter,https://www.youtube.com/embed/um4ftTsImzY?si=-gi4cwppWjaPY-B8
363,Suicide Back Sprints 10 Meter,https://www.youtube.com/embed/um4ftTsImzY?si=opgoAAp6FfbgvjQQ
364,Suicide Back Sprints 10 Meter,https://www.youtube.com/embed/um4ftTsImzY?si=9kkAAYogDmAZC_o0
365,Suicide Back Sprints 15 Meter,https://www.youtube.com/embed/6vgH9jGpsMA?si=QgBo1BvJy81LzhH5
366,Suicide Back Sprints 20 Meter,https://www.youtube.com/embed/RL-ENB8s2sM?si=iR3Cf7-wLdgXMdcE
367,Suicide Shuffle Sprints 5 Meter,https://www.youtube.com/embed/_I0bo3Xx7FY?si=MpMTF2Ec6gdqhw6h
368,Suicide Shuffle Sprints 10 Meter,https://www.youtube.com/embed/vt94UqUNGyg?si=Me6fy96NaniQn6eV
369,Suicide Shuffle Sprints 15 Meter,https://www.youtube.com/embed/ZBOZi2KPRGc?si=Z3Rsb5gYPRGMWQFD
370,Suicide Shuffle Sprints 15 Meter,https://www.youtube.com/embed/ZBOZi2KPRGc?si=r3MQREKr4fE7JENF
371,Suicide Shuffle Sprints 20 Meter,https://www.youtube.com/embed/7CgkxqNWyPM?si=5qGdSRC1yXyPaHh1
372,Suicide Sprawl Shuffle Sprints 5 Meter,https://www.youtube.com/embed/9S3VoU11yjw?si=6u1uBwqzxE8Xh-6o
373,Suicide Sprawl Shuffle Sprints 10 Meter,https://www.youtube.com/embed/cM8NgkMA324?si=ETNUb8a-3unxWMhC
374,Suicide Sprawl Shuffle Sprints 15 Meter,https://www.youtube.com/embed/QqdQcEt-4m0?si=9kxs9br8gvUBJOAx
375,Suicide Sprawl Shuffle Sprints 20 Meter,https://www.youtube.com/embed/jnf-WN20kBE?si=ay3s86LrzP310kpp
376,Frog Jump Walk 5 Meter,https://www.youtube.com/embed/iAA90jGtNL0?si=I5wXY-ubvDXgbaKX
377,Sprint 20 Meter,https://www.youtube.com/embed/ZPCITOl2r_o?si=9qZ1nCG7dZAzh7Ha
378,Sprint 40 Meter,https://www.youtube.com/embed/1qWjihhVowg?si=llzekcgn2du5qyj6
379,Sprint 60 Meter,https://www.youtube.com/embed/_Zcqcp828a8?si=UyaBCX3ofqqeU3KO
380,Sprint 100 Meter,https://www.youtube.com/embed/KhTMXFL4Jis?si=rM-fIAmAPujNrafd
381,Sprint 400 Meter,https://www.youtube.com/embed/Zuc-IUnfRoo?si=CynU0zA8J6anpY6P
382,Run 800 Meter,https://www.youtube.com/embed/a6b3n00N9XI?si=4HyQEerJeXVnTdL8
383,Run 1000 Meter,https://www.youtube.com/embed/7oBCmwA5u5M?si=3pLOzNsNcTljYt78
384,Sprint 200 Meter,https://www.youtube.com/embed/qW5VwG42pKA?si=xa5MDPMbTRJUZ7-M
385,Back Squats,https://www.youtube.com/embed/pY0ncnin7R0?si=0SJVSIBF8i5yAcho
386,Biceps Curls,https://www.youtube.com/embed/4hiWug30DDg?si=dZhze6U_sAD0_PPa
387,Barbell Twister,https://www.youtube.com/embed/jYnNSTaze9U?si=l-IYfgUN_K2kNj7_
388,Bench Press,https://www.youtube.com/embed/qXe7kzoddhs?si=J0G2--vK4Da7u6fn
389,Bench Pull Over,https://www.youtube.com/embed/RuTmBBTqfMQ?si=Nu5J6j25ac9Kb3qB
390,Bench Pull Over,https://www.youtube.com/embed/RuTmBBTqfMQ?si=QywVLvzgyeu-FQOP
391,Bench Pull Over,https://www.youtube.com/embed/RuTmBBTqfMQ?si=B6SFOmZ0I7C7XlAc
392,Bench Triceps Extension,https://www.youtube.com/embed/U5UikedWFMA?si=9m71aPlMYW2pQ-av
393,Bent Rows,https://www.youtube.com/embed/jLMFdAWMCjc?si=vzORuOxcrDIsBLL9
394,Deadlift,https://www.youtube.com/embed/yr-2T6H6LRY?si=OPztNUNYov0itQ-S
395,Barbell Front Raises,https://www.youtube.com/embed/CGLn1LZhWSU?si=bv2RguBe-PBHXY5U
396,One Arm Press Right,https://www.youtube.com/embed/uHNdgXRNi90?si=i2ZxfPsvt61tvFdx
397,One Arm Press Left,https://www.youtube.com/embed/oycuMmvTD7U?si=nXOZEbwnXuWmaAU1
398,One Arm Press Left,https://www.youtube.com/embed/oycuMmvTD7U?si=Itq7xkIqHC7CFG85
399,Pull Press,https://www.youtube.com/embed/E6QAwDxGYDc?si=iNLs3uTmheVEGCeX
400,One Arm Press Left,https://www.youtube.com/embed/oycuMmvTD7U?si=N0OTiqRDrkXqKnNo
401,Pull Press,https://www.youtube.com/embed/E6QAwDxGYDc?si=m_7pbMVhWFJyMb_i
402,Push Press Front,https://www.youtube.com/embed/l0CwykgIb5M?si=v8p2vQKycIxektqS
403,Thruster,https://www.youtube.com/embed/DIHBqPMi0Lo?si=KhVSanpI9mbwus5K
404,Upright Row,https://www.youtube.com/embed/-DxO_6e5lqc?si=CDY4dkM9QoLJxeVl
405,Suspension Atomic Pike,https://www.youtube.com/embed/9equsgr8HCw?si=kCo1vB0qibZDzf7U
406,Suspension Atomic Pike Push-ups,https://www.youtube.com/embed/BeyecZ7QDtk?si=M7YxP5zvB5vxxtWw
407,Suspension High Plank,https://www.youtube.com/embed/WGPTYpa2hCU?si=A-XNS1-fe-Qtc1qz
408,Suspension Low Plank,https://www.youtube.com/embed/ZegwC9JKIhA?si=v4StNIXrjrt-wsE5
409,Suspension Body Saw,https://www.youtube.com/embed/uf2JnEmvNEU?si=3xNfNzFwQmhSiPwv
410,Suspension Mountain Climbers,https://www.youtube.com/embed/5Z5BB19Oxzc?si=oZS-Gkt2YswlUQK6
411,Suspension Mountain Runners,https://www.youtube.com/embed/855aRhbGplY?si=oABTGZd1ou2DjLcP
412,Suspension Mountain Jumpers,https://www.youtube.com/embed/illbby16jAk?si=JtTPfSv1VDB6FWkb
413,Suspension Mountain Jumpers,https://www.youtube.com/embed/illbby16jAk?si=z3BokH5rEHSO94Q4
414,Suspension Mountain Side Jumpers,https://www.youtube.com/embed/iAmvQ9I8mbg?si=0DrbCeRGuu6Giinu
415,Suspension Push-ups,https://www.youtube.com/embed/JugR_NcBmbE?si=-fkuUo1LuBLzebpO
416,Suspension Low Side Plank Right,https://www.youtube.com/embed/ANDZvkAk3pk?si=NUCYOuKen3rhMMky
417,Suspension Low Side Plank Left,https://www.youtube.com/embed/OSxokqlVjnQ?si=prvO0dx6fMPc_p8J
418,Suspension Low Side Plank Crunches Left,https://www.youtube.com/embed/XphoKBGdV2M?si=WDZoW__Xs6Ui68T-
419,Suspension Low Side Plank Crunches Right,https://www.youtube.com/embed/clQjSREp8vE?si=60mf9qcywbx5Bm0_
420,Suspension Hamstring Curls,https://www.youtube.com/embed/tTfLUgHDvBU?si=ml0gDpbPfcuTPWS3
421,Suspension Hamstring Runners,https://www.youtube.com/embed/t8yz00H5sw8?si=j5TAm8yMH0iESlTh
422,Suspension Reverse Plank,https://www.youtube.com/embed/WeH7FK50foA?si=Cga96n439E8z3Wog
423,Suspension Hip Raises,https://www.youtube.com/embed/b73qiVkXw5o?si=_FLQX6ZjquBEpxK6
424,Suspension High Plank Jacks,https://www.youtube.com/embed/TTy_lUr6nFM?si=hyWPjo9PIc3f2ccH
425,Suspension Push-up Jacks,https://www.youtube.com/embed/EVJuv9BohXQ?si=mRut1qaKy-GbDBmP
426,Suspension Squats,https://www.youtube.com/embed/txea7jk5tNc?si=WLLp2V3ey47dZNpI
427,Suspension Squats,https://www.youtube.com/embed/txea7jk5tNc?si=iTV-MCPsKLaroJje
428,Suspension Squats,https://www.youtube.com/embed/txea7jk5tNc?si=-6iHQxYOT_kjnlNt
429,Suspension Pistol Squats Right,https://www.youtube.com/embed/7et4UpdSLCg?si=--ifcy8iD0Lwgxwh
430,Suspension Pistol Squats Left,https://www.youtube.com/embed/skFyqm3PG7k?si=9LpkzanAEiSNib5L
431,Suspension Squat Y Fly,https://www.youtube.com/embed/l521uAvEIzU?si=c55Th6ro3GRmyyeA
432,Suspension Squat Thai Knees,https://www.youtube.com/embed/97S56rBP0-0?si=EU9jivsPUokomC2X
433,Suspension Inverted Row,https://www.youtube.com/embed/1Zjr5fnYBwg?si=rfoQHT2bvSPLTPqZ
434,Suspension Butterfly,https://www.youtube.com/embed/nRCPx40Ow9g?si=AKVPbNkZ3mMP0n6D
435,Suspension Y Fly,https://www.youtube.com/embed/YXr0U_z9kCs?si=9g24aZa_ukENqTCj
436,Suspension Biceps Curls,https://www.youtube.com/embed/loi5NEjctGM?si=WDcQ9NvLC8qPAX7Z
437,Suspension Power Pull Right,https://www.youtube.com/embed/k6vI2C5vW7A?si=vyEyNuccba9joh09
438,Suspension Power Pull Left,https://www.youtube.com/embed/DhboO_PlDEM?si=beTSK5nVFD2vg2MG
439,Suspension Jump Squats,https://www.youtube.com/embed/G7MxRGJCKWI?si=tdyHO2ZRMlBRFcbZ
440,Suspension Side Lunges,https://www.youtube.com/embed/F3Cl2RUquS8?si=xbqG6m7xvBRZJwTk
441,Suspension Incline Push-ups,https://www.youtube.com/embed/Wchi0typP4w?si=Vlnt8SlsqR6ztGl2
442,Suspension Archer Movement,https://www.youtube.com/embed/Uqns7adI6Pw?si=mR9d8C0HPqD5mFME
443,Suspension Chest Fly,https://www.youtube.com/embed/ik6nijT6czs?si=0NaHo-kWZUctflDJ
444,Suspension Triceps Press,https://www.youtube.com/embed/LkMxCt5o-Qo?si=ZyEZxBT1f1fCuL7i
445,Suspension Running High Knees,https://www.youtube.com/embed/HXHyE7L7ZLk?si=1eDf_8o6XLthUnVc
446,Suspension Back Lunges Right,https://www.youtube.com/embed/lGRMRPyOq4k?si=v6QrMJ8URYLRpB-8
447,Suspension Back Lunges Left,https://www.youtube.com/embed/c_knpN3Gocg?si=xwIXjEEaJcfRh4uv
448,Arms Crossed,https://www.youtube.com/embed/6fYZaWHig8s?si=s1on-QMd6MSfQbS-
449,Hip Extender Left,https://www.youtube.com/embed/K--kcYaTEoE?si=C5bkMFXcNL17i1Jr
450,Lunges Elbow Touchdown,https://www.youtube.com/embed/aoS9gG-fjV8?si=dE0CopsqEtVFdd2c
451,Spagat Side To Side,https://www.youtube.com/embed/vI_JUJuqwmk?si=ZbzzqdskwuXiFzD7
452,Hip Extender Right,https://www.youtube.com/embed/llQg4iOWLMs?si=neweg20iAvIQPgzf
453,Arm Circles Forward,https://www.youtube.com/embed/cESD3ItaY_Y?si=BzVHflQ8v4uhn1AA
454,Arm Circles Forward,https://www.youtube.com/embed/cESD3ItaY_Y?si=FLlVGxgfhtExCPrM
455,Arm Shoulder Stretch Left,https://www.youtube.com/embed/As_PxE2I0uY?si=45wZzX7ake6tPRCO
456,Arm Shoulder Stretch Left,https://www.youtube.com/embed/As_PxE2I0uY?si=g89fF6eWC75kLCoy
457,Arm Shoulder Stretch Right,https://www.youtube.com/embed/e1UuLee1OKs?si=51j9sSZUNSKDv1nV
458,Arm Shoulder Stretch Right,https://www.youtube.com/embed/e1UuLee1OKs?si=gOaym7oGuKXpD2jF
459,Child's Pose,https://www.youtube.com/embed/-m1R6WekpUI?si=ZlvMO5SqBxJrjsbK
460,Cobbler Stretch,https://www.youtube.com/embed/RD5PYeV6Qrs?si=MEwHLMFBp1CdiSIo
461,High Plank To Down Dog,https://www.youtube.com/embed/rJ6XyaP6tSM?si=YOXvoK5JmUqwYfU7
462,High Plank To Down Dog,https://www.youtube.com/embed/rJ6XyaP6tSM?si=mJgo0ALgd9chp955
463,Lying Figure 4 Stretch Left,https://www.youtube.com/embed/b3vPgGW3LkM?si=KPzqcV8YGS36c-t-
464,Overhead Triceps Stretch Right,https://www.youtube.com/embed/P9dUXqITB9I?si=wws_DsULLB5ndYK5
465,Overhead Triceps Stretch Right,https://www.youtube.com/embed/P9dUXqITB9I?si=zFVFNdkVORqWMRG9
466,Overhead Triceps Stretch Right,https://www.youtube.com/embed/P9dUXqITB9I?si=os7Mykobh4nCQ1-z
467,Overhead Triceps Stretch Left,https://www.youtube.com/embed/2FCwb9N6lKU?si=0xAt_w-KvRCqLD9X
468,Standing Quadriceps Stretch Left,https://www.youtube.com/embed/LMRep6QaCsc?si=Cd4X7tqQVOrfYS8W
469,Standing Quadriceps Stretch Right,https://www.youtube.com/embed/NI4LJm2bSk0?si=qYMbd1NqiVSPOsiZ
470,Wrist Rotation,https://www.youtube.com/embed/YZvLaWXmDoo?si=XLfPi4O-0gSxdsbT
471,Wrist Rotation,https://www.youtube.com/embed/YZvLaWXmDoo?si=PHH4GFL4ggaqSovY
472,Lying Figure 4 Stretch Right,https://www.youtube.com/embed/bCzp2KvAjsM?si=gQAtJ8EqZXlDujoX
473,Arm Circles Backwards,https://www.youtube.com/embed/j6aDLEYus3c?si=dV4ZtC2Vk9rWZD49
474,Arm Circles Backwards,https://www.youtube.com/embed/j6aDLEYus3c?si=ZskNK9yY3KGmFmID
475,Wall Pectoral Stretch Right,https://www.youtube.com/embed/BpwNd8XdzaA?si=ysfDszFZuUhsV9Y1
476,Wall Pectoral Stretch Right,https://www.youtube.com/embed/BpwNd8XdzaA?si=0tQGD0uTDC0j4reG
477,Wall Pectoral Stretch Left,https://www.youtube.com/embed/81Eb1nayxmM?si=08DMNJvGSKIEIdN1
478,Wall Pectoral Stretch Left,https://www.youtube.com/embed/81Eb1nayxmM?si=f4Wyk4M5uiuqECiy
479,Arm Circles Backward,https://www.youtube.com/embed/ayDNoMwYF64?si=wU0x7iWowyXuhevv
480,Lunges Rotation,https://www.youtube.com/embed/yFRDVVLWmEE?si=fpQR9AgN8GcuMX2l
481,Lead leg inside low kick,https://www.youtube.com/embed/rZL6Fvuu91o?si=hi4yQOUmMuboc1bl
482,Outside low kick,https://www.youtube.com/embed/itZFTfyXCKA?si=AhAdW_i87foHtOmQ
483,Lead leg push kick,https://www.youtube.com/embed/xrvT7hEB6Eg?si=0f5_fbSK3dwCESev
484,Back leg push kick,https://www.youtube.com/embed/JL6Syg7mSZc?si=SesFq950J-GAUad2
485,Lead Leg Roundhouse Kick to the head,https://www.youtube.com/embed/XH3ODgJFRS0?si=iFkPL9E0zcuW-t5w
486,Back Leg Roundhouse kick to the head,https://www.youtube.com/embed/nAeRs9quqMg?si=AwNlKfrccO3JZsaT
487,Lead leg side kick,https://www.youtube.com/embed/KdiUNjRW-jg?si=8_eAjGLnl18VHvVW
488,Spinning back kick,https://www.youtube.com/embed/6e5CT04FCuQ?si=N4IJGud5qxQ_xYEl
489,Spinning back kick,https://www.youtube.com/embed/6e5CT04FCuQ?si=XmMlmTP063GAUtl5
490,Back leg Roundhouse kick to the body,https://www.youtube.com/embed/U744QcZzxnE?si=bB2CcVvNwBBjQHyU
491,Fake jab to double leg takedown,https://www.youtube.com/embed/m1yCOz9izOY?si=WJlURrtqHunyccJ_
492,Fake jab to single leg finish,https://www.youtube.com/embed/FcftZhWDhnQ?si=aJsoUUwIQw_mnV2f
493,Over-Under clinch to shoulder throw into judo side control,https://www.youtube.com/embed/jvE8UFPcaVo?si=I3gWk-v1VinjvogD
494,Over-Under clinch to fireman's carry,https://www.youtube.com/embed/fhpf2DzbVi0?si=u-gKeESZ3oB5pc2F
495,Over-Under clinch to Kubi-Nage Hip Throw,https://www.youtube.com/embed/o-H_WEI0EOM?si=0gzOVkXb33RT2MP1
496,Closed MMA Guard,https://www.youtube.com/embed/8W7E_-iRbek?si=LnvbvVmPA1JMd1pn
497,Side Control Position,https://www.youtube.com/embed/9dvzahVRH1E?si=xOlcaHiijZCe383n
498,Mount,https://www.youtube.com/embed/RoIH2anLnio?si=AswEtVERekd--Ytr
499,Back Mount,https://www.youtube.com/embed/gdkxpCAgdpk?si=l8MU4skKZdG0SiGG
500,butterfly guard,https://www.youtube.com/embed/rbjA3CpKK_U?si=AMrJurtxi2nMUxuf
501,half guard,https://www.youtube.com/embed/_asVCAqRf70?si=5jfaJRPqMnm_5F_z
502,mount to arm bar,https://www.youtube.com/embed/-LurckId77Q?si=zR4r20AOWI7OVsS4
503,mount to arm bar,https://www.youtube.com/embed/-LurckId77Q?si=Iz9vazyavIQ-UJ1t
504,side control to americana,https://www.youtube.com/embed/3grnUgqJag4?si=DoBFqHphAnkYr_aU
505,side control to americana,https://www.youtube.com/embed/3grnUgqJag4?si=tnuQ7I4RwTK-F2PM
506,triangle chocke from full guard,https://www.youtube.com/embed/D7eyeI_rn3c?si=0Fbzh5cB3FkLHE5r
507,arm bar from guard,https://www.youtube.com/embed/7d3qeldUFH8?si=zTpTNhUJMcUyzS2h
508,heel hook from inside ur opponent's guard,https://www.youtube.com/embed/oyt-hXO9nI4?si=fD8OGDirWO6ykr6z
509,Left jab+ fight stance,https://www.youtube.com/embed/Z2KBHrgeX6o?si=5UDysshIbVuvJQbb
510,Right straight cross,https://www.youtube.com/embed/LlhY7EkAt_w?si=uAFE9EVZdjtkq3zH
511,Left lead hook,https://www.youtube.com/embed/lhyp4Bv5Kww?si=VwdHGqHEKaF14uYk
512,Left lead hook,https://www.youtube.com/embed/lhyp4Bv5Kww?si=4yFurLTcWMF-gX3H
513,Right Hook,https://www.youtube.com/embed/mqwkCVq46Cw?si=t8_L7M0KDiL3aX3n
514,Left Lead Uppercut,https://www.youtube.com/embed/bvO_0P_FGbU?si=LuvBL3ERrUULovKg
515,Right Uppercut,https://www.youtube.com/embed/3OaWTlad5xY?si=xxwW5EQgfSMLL2nC
516,Left lead hook to the body/liver,https://www.youtube.com/embed/5N7ehaNGfOs?si=z634v_AuAgfZfCi9
517,Right Superman punch,https://www.youtube.com/embed/WveOFFz-gaY?si=ZbnCUW3MyEQBEz1r
518,Right Hook to the body,https://www.youtube.com/embed/Tblz7TWpznY?si=ZQBN1vmcMdUcrjr1
519,Left Ellbow,https://www.youtube.com/embed/gX0jgKBG8n4?si=hJ1pDeGpCJO5VjPB
520,Right Ellbow,https://www.youtube.com/embed/VK9Ja7yszXU?si=J0Ta7v2OUU9oyITc
521,Knee strikes,https://www.youtube.com/embed/GM_uvRZy6Sk?si=SQL25W5DVqF7DDqT
522,knee strikes from Muay Thai Plum clinch,https://www.youtube.com/embed/OhjpAvUEZ3Y?si=usNJNHMXTaQ7a28J
523,lower back twists,https://www.youtube.com/embed/08YZdd3jfeA?si=NEYBgaIlt599ZwsX
524,Hip escape drill,https://www.youtube.com/embed/vwToNgRAf74?si=Oi_GxWXqL8TwxF33
525,Sit-out drill,https://www.youtube.com/embed/fZNaBkRwF_Q?si=i6xCX4Mcb4W_sXlD
526,Sit-out drill,https://www.youtube.com/embed/fZNaBkRwF_Q?si=uB6sacM40342awN-
527,pummel drill,https://www.youtube.com/embed/HUoDfpV7Nks?si=MWPJ2vs0uALvxFVr
528,Torreando guard pass drill,https://www.youtube.com/embed/h94B442U1OM?si=fs3dhh_UGyFuhlkB
529,Torreando guard pass drill,https://www.youtube.com/embed/h94B442U1OM?si=AAOjrqno7WHD9JKl
530,bridge flip guard pass drill,https://www.youtube.com/embed/xRv0WWVG7Oo?si=8E-QB6upyL86kITe
531,Half guard to back trasition drill,https://www.youtube.com/embed/8ADtQQ1YirI?si=O4pEluz2SmmmO979
532,Sprawl to double leg transition drill,https://www.youtube.com/embed/CDinhNykdWg?si=8rnaMLmk2Njc63YZ
533,Combination 5,https://www.youtube.com/embed/zJZAfvqXxZU?si=EriiGxnpO_W0oyZR
534,Combination 10,https://www.youtube.com/embed/sxJeRB8MgXw?si=CFiNxQOjTB_dRcwL
535,Combination 14,https://www.youtube.com/embed/gQZlYCct6eA?si=lx0M1L_Wav5W6Qgl
536,Fight Stance,https://www.youtube.com/embed/fxLpEDCFPUk?si=lZHmiu-sV43eL_aB
537,Footwork,https://www.youtube.com/embed/6CYCXn82ZsY?si=-QA-0Ua0HmU6ZqUr
538,Left Jab,https://www.youtube.com/embed/1q3LmA86mGE?si=xKcK6Unzqz-V5hVV
539,Right Straight Cross,https://www.youtube.com/embed/6iPjyRDZuWA?si=oqPlHTlcbPMIrhQw
540,Left Lead Hook,https://www.youtube.com/embed/TKUA692ZSpQ?si=ai9Y5Zg4Xak8k2DT
541,Right Hook,https://www.youtube.com/embed/CUVJnU1lTb4?si=raOQvChxv3I8pXqz
542,Left lead hook to the body/liver,https://www.youtube.com/embed/sFttJaZMV54?si=vZWxTKik0WASyu5r
543,Right Hook to the body,https://www.youtube.com/embed/634eOX2GApg?si=vEhg42NwBwKrVvUC
544,Left Lead Uppercut,https://www.youtube.com/embed/zs-Rgd3StPo?si=AxI2PF1YovWHlO6q
545,Right Uppercut,https://www.youtube.com/embed/fB48nzl6IcE?si=rOtCkesgNRS9_9cs
546,Body Shots,https://www.youtube.com/embed/--6qL2hmWCs?si=irt7hWriDBDGymw-
547,High Guard,https://www.youtube.com/embed/I8BA5sh7mYc?si=3NsLnRaNlbuv949j
548,Catch - Defense,https://www.youtube.com/embed/k1fuDVCRqxM?si=3ilgbEUrur55MtFk
549,Catch - Defense,https://www.youtube.com/embed/k1fuDVCRqxM?si=oeqv2p3RYwfGR56T
550,Outside Slip Right,https://www.youtube.com/embed/rY1cyhT7St8?si=ZIMkuZx6yiLnaoX5
551,Step Back - Defense,https://www.youtube.com/embed/dOWJC1F6F1o?si=Cac5IwS0D9BiLkGS
552,Duck,https://www.youtube.com/embed/to5nFlwYPkQ?si=RYEyAvCh42-Q1eI8
553,Cover - Defense,https://www.youtube.com/embed/nacRiUg0p3c?si=FGMEIO3UXrgVghm6
554,Boxing Combination 1,https://www.youtube.com/embed/tvJFvChiWso?si=S6HTFEbcEkrvpouK
555,Boxing Combination 2,https://www.youtube.com/embed/iDKm9-x7RDw?si=iudgEPIfuOeA9wiK
556,Boxing Combination 3,https://www.youtube.com/embed/0_t1gkadJgA?si=gRuz_fwtHhJABIgc
557,Boxing Combination 4,https://www.youtube.com/embed/PrX7jPmm8X8?si=JAFMtoy1btxTNpmd
558,Boxing Combination 5,https://www.youtube.com/embed/eivBPJrGC9o?si=CftqNlZj5LDuoQbu
559,Boxing Combination 6,https://www.youtube.com/embed/oDeWTXTgg-w?si=_XxyEkjGz8QkhmtN
560,Boxing Combination 7,https://www.youtube.com/embed/FurRgTyiHoc?si=I7XR0IjEYLIkyqIy
561,Boxing Combination 8,https://www.youtube.com/embed/BP84EgxTbEM?si=pbx6MG6V6nogLAGS
562,Boxing Combination 9,https://www.youtube.com/embed/XOXRQajnj2I?si=LKcugcwvj51l6YNi
563,Boxing Combination 10,https://www.youtube.com/embed/kyg8akJ0eAc?si=fnO4gd5hwOuVWDcl
564,Boxing Combination 11,https://www.youtube.com/embed/Vq3SvJh6TiY?si=uZFZ3UQ8LAcV15lO
565,Always in Movement,https://www.youtube.com/embed/kaeGGYiUpRw?si=1hKfrb5kstOID8HG
566,Always in Movement,https://www.youtube.com/embed/kaeGGYiUpRw?si=Quk1ZIZ2C-FXbI0c
567,Pivot,https://www.youtube.com/embed/Ox3Svk1966U?si=UCyr2LwuE3O-al5s
568,Keep Your Chin Down,https://www.youtube.com/embed/RTIK6gmyRmQ?si=gBLmTd8iW8oJEK1b
569,Keep Your Hands Up,https://www.youtube.com/embed/RF6GiUb5XPw?si=aa22e_yBwqnZVMYY
570,Go Backwards,https://www.youtube.com/embed/YX1YB7arxyM?si=0I2OYZQChUi1KlJh
571,Rope Skipping,https://www.youtube.com/embed/iyuSjpyBmiA?si=3QkJoV7m-JfMYMXw
572,Lift Arms Forward,https://www.youtube.com/embed/10VhQIuNOq8?si=j60y8U_vUDHgxuU_
573,Lift Arms Diagonally,https://www.youtube.com/embed/c2FuvgbuQhE?si=AfpbMjDxWI2prQ56
574,Lift Arms Diagonally,https://www.youtube.com/embed/c2FuvgbuQhE?si=uCHOE81XUSsaYhjC
575,Lift Arms Diagonally,https://www.youtube.com/embed/c2FuvgbuQhE?si=U-sPDhOy_wtToVNS
576,Skipping,https://www.youtube.com/embed/U-ZgZ1p9FNA?si=i9hCXsi6r3-zvTzi
577,Shadow Boxing,https://www.youtube.com/embed/-TPvKi31R0M?si=x4z2U8DKHGPTV2eJ
578,Forarm Rotation,https://www.youtube.com/embed/OhUgsESa1rk?si=H_HgQ-9mo66Tp6uV
579,Fast Combinations,https://www.youtube.com/embed/IYiTtNR6eRY?si=v-4GWLdz2N41ZEm0
580,Fast Combinations,https://www.youtube.com/embed/IYiTtNR6eRY?si=rP3dVu-FSNrjWyAf
581,Floyd BW,https://www.youtube.com/embed/1Xr03JpzWoI?si=KPOUghx-94x5gi6-
582,HENRY BW,https://www.youtube.com/embed/vCmQqyhPYRM?si=glpcvduP-Hu4RnoO
583,ALL IN ONE SPN,https://www.youtube.com/embed/gTLY4gcLflQ?si=yl9YytaZMKKkVNKr
584,Bounce and Fly,https://www.youtube.com/embed/b3LL6YKXDlU?si=uize04DOS2EKcmbL
585,Bounce and Fly,https://www.youtube.com/embed/b3LL6YKXDlU?si=7WT4ImsiwkWtrVJo
586,Bouncing Arm Raise,https://www.youtube.com/embed/Rdmw1MgZcLk?si=VX2qW5prC-ihWDI7
587,Bouncing Praise Squats,https://www.youtube.com/embed/wBP-YKMAfes?si=lZ1VJyUjJRB7QMXo
588,Bouncing Cross Jumps,https://www.youtube.com/embed/lqXDgs3Q2_0?si=WZm1weVqV2gUvQd6
589,Bouncing Diamond Push-ups,https://www.youtube.com/embed/K_Ne4w2mPqI?si=EZsjkiZhm7s1ZXFG
590,Bouncing Jacks,https://www.youtube.com/embed/VlhTo1DBRI8?si=4E40ArUKSuwsTQZJ
591,Bouncing Jacks,https://www.youtube.com/embed/VlhTo1DBRI8?si=fHrMUdyMi_FkmFEQ
592,Bouncing Knee Taps Left,https://www.youtube.com/embed/H2ZjIoijDcA?si=aZqaKVXXvtj9A5fn
593,Bouncing Knee Taps Right,https://www.youtube.com/embed/tBhx_4T_cC4?si=GTTvtk8CcKOLKr4g
594,Bouncing Squats,https://www.youtube.com/embed/sY_VEPuBHKo?si=cJC9Z-Xvhpu7fT1B
595,Inside Outside Bounce,https://www.youtube.com/embed/RHRf34Tn7YI?si=PPlHMdkG2qs4zT8l
596,Bouncing Push-ups,https://www.youtube.com/embed/mWwW8dCdpYo?si=ybZqvxZMI7giGkSc
597,Trampoline Quick Feet Squats,https://www.youtube.com/embed/BZwuRWBO1dM?si=leMjpsVR84FvMFOm
598,Trampoline Side Jumps,https://www.youtube.com/embed/FBW1ch2bVOc?si=XgcBB_zgkp1qzaWO
599,Trampoline Knee Tuck Crunches,https://www.youtube.com/embed/G1yplI2ZFiI?si=o4LECogb2QKzOFvz
600,Trampoline Low Plank,https://www.youtube.com/embed/fMJvciEjj0o?si=70TZzbUedhzM1ISh
601,Trampoline Spiderman Low Plank,https://www.youtube.com/embed/V3KSOc-UOsE?si=MxMGUzMKRWgTj3vI
602,Trampoline Spiderman Low Plank,https://www.youtube.com/embed/V3KSOc-UOsE?si=FN2GO9HkTlAnKEZW
603,Trampoline Sprints,https://www.youtube.com/embed/NJEnJ7QtjnY?si=rcW_oJtgPU1dzUO8
604,Trampoline Squat Jumps,https://www.youtube.com/embed/MkE6TJ0FR1Q?si=5icQ1NTy4kgKYLZk
605,Trampoline Squats,https://www.youtube.com/embed/1V9mZfP3Evo?si=v0erP1T4plfrG0eC
606,Trampoline Turnaround left,https://www.youtube.com/embed/dcox3v13P2g?si=4lKmizckesqV21fJ
607,Trampoline Turnaround right,https://www.youtube.com/embed/x6Au9Qin1oc?si=f2eVbwlsH5YWufuw
608,Trampoline Turnaround right,https://www.youtube.com/embed/x6Au9Qin1oc?si=29T-n-O5c6GMZHBZ
609,Trampoline Walking,https://www.youtube.com/embed/PSb3ywz5YKo?si=9mSr3n3m01BpMUMI
610,Trampoline Twist Jumps,https://www.youtube.com/embed/UBB0JoHLlV8?si=RbtUmDUV_-xz5hpn
611,High Side Knees Combo,https://www.youtube.com/embed/oJ8ZYSL9TSY?si=91sUwZFjlchylKYe
612,Quick Feet 180 Jump Squats,https://www.youtube.com/embed/fyEU2TmxfMg?si=kBaqvO46z01D_iix
613,Quick Feet 180 Jump Squats,https://www.youtube.com/embed/fyEU2TmxfMg?si=PCj8DsbZu4dq8kKf
614,Jump Squats,https://www.youtube.com/embed/VhQtQZ8vwmE?si=3kzglAnduGVY8yHs
615,Jump Squats,https://www.youtube.com/embed/VhQtQZ8vwmE?si=SZG0cL5jwBY2RCvR
616,Explosive Jump Lunges,https://www.youtube.com/embed/sKaYlXxtrTw?si=i1K17wKDaYx1Kx0O
617,Lunges,https://www.youtube.com/embed/xmsz_2dvY28?si=jTl9mI14fsBImmcQ
618,High Plank Side Steps,https://www.youtube.com/embed/B9-xYAVnZrg?si=MP04WhL8hemQ_qgr
619,Side Star High Plank Left,https://www.youtube.com/embed/hMN2-0eiC4Q?si=Csi_0az21mUpEuJ7
620,Side Star High Plank Left,https://www.youtube.com/embed/hMN2-0eiC4Q?si=WPaZnNe1Kn8-A6DG
621,Low Plank Walking,https://www.youtube.com/embed/JE0bSL8HTaU?si=jk6iyPbhxAiPlsoP
622,Low Side Plank Left,https://www.youtube.com/embed/8Oh23kwYr24?si=0fTfHP64THqIPxpN
623,Skipping Tuck Jump Burpees,https://www.youtube.com/embed/Arg0lIalcDU?si=Z7bgfm8K1Nvi3YbU
624,Tuck Jump Push-up Burpees,https://www.youtube.com/embed/YxPLGgwmqac?si=dcnyO559lv1eBm8N
625,Quick Feet Squat Tuck Jump Sprawls,https://www.youtube.com/embed/bsPDNr3upqI?si=8hEPJjqhtMNXO37a
626,Spiderman Walk,https://www.youtube.com/embed/nTrtr46UMuM?si=GU3cYgQ37m0_nmgT
627,Mountain Runners,https://www.youtube.com/embed/mYX-NSG2CaQ?si=VHyoMqkbKeAPPE9M
628,Hands Touchdown,https://www.youtube.com/embed/zOXIjF36rhk?si=CDqyhObltgH_eIse
629,Hip Extender Left,https://www.youtube.com/embed/BRtIt-R3byc?si=FMnW_uQKTk6awLw3
630,Hip Extender Right,https://www.youtube.com/embed/IfUZ1kzpHA8?si=d0ARnxht0Wbv_H7a
631,Bars Knee Hold,https://www.youtube.com/embed/-mc6HYBsKdE?si=dwBFjzes7ZCrOBxF
632,Stepups L,https://www.youtube.com/embed/Z3ZqbvNorsE?si=DfHNkB7iBncveR76
633,Stepups R,https://www.youtube.com/embed/GnVDC4AO3zU?si=OZj8XWS57Ud1pBa2
634,Crossack Squats,https://www.youtube.com/embed/YXzNxqdOiNk?si=mOsPMjByHXkVEX9I
635,Easy Squats,https://www.youtube.com/embed/YXzNxqdOiNk?si=mOsPMjByHXkVEX9I
636,Crunches,https://www.youtube.com/embed/BwEWcLjrYdE
